,"Agricultura, inclusive o apoio à agricultura e a pós-colheita","Pecuária, inclusive o apoio à pecuária",Produção florestal; pesca e aquicultura,Extração de carvão mineral e de minerais não metálicos,"Extração de petróleo e gás, inclusive as atividades de apoio","Extração de minério de ferro, inclusive beneficiamentos e a aglomeração","Extração de minerais metálicos não ferrosos, inclusive beneficiamentos","Abate e produtos de carne, inclusive os produtos do laticínio e da pesca",Fabricação e refino de açúcar,Outros produtos alimentares,Fabricação de bebidas,Fabricação de produtos do fumo,Fabricação de produtos têxteis,Confecção de artefatos do vestuário e acessórios,Fabricação de calçados e de artefatos de couro,Fabricação de produtos da madeira,"Fabricação de celulose, papel e produtos de papel",Impressão e reprodução de gravações,Refino de petróleo e coquerias,Fabricação de biocombustíveis,"Fabricação de químicos orgânicos e inorgânicos, resinas e elastômeros","Fabricação de defensivos, desinfestantes, tintas e químicos diversos","Fabricação de produtos de limpeza, cosméticos/perfumaria e higiene pessoal",Fabricação de produtos farmoquímicos e farmacêuticos,Fabricação de produtos de borracha e de material plástico,Fabricação de produtos de minerais não metálicos,"Produção de ferro gusa/ferroligas, siderurgia e tubos de aço sem costura",Metalurgia de metais não ferosos e a fundição de metais,"Fabricação de produtos de metal, exceto máquinas e equipamentos","Fabricação de equipamentos de informática, produtos eletrônicos e ópticos",Fabricação de máquinas e equipamentos elétricos,Fabricação de máquinas e equipamentos mecânicos,"Fabricação de automóveis, caminhões e ônibus, exceto peças",Fabricação de peças e acessórios para veículos automotores,"Fabricação de outros equipamentos de transporte, exceto veículos automotores",Fabricação de móveis e de produtos de indústrias diversas,"Manutenção, reparação e instalação de máquinas e equipamentos","Energia elétrica, gás natural e outras utilidades","Água, esgoto e gestão de resíduos",Construção,Comércio por atacado e varejo,Transporte terrestre,Transporte aquaviário,Transporte aéreo,"Armazenamento, atividades auxiliares dos transportes e correio",Alojamento,Alimentação,Edição e edição integrada à impressão,"Atividades de televisão, rádio, cinema e  gravação/edição de som e imagem",Telecomunicações,Desenvolvimento de sistemas e outros serviços de informação,"Intermediação financeira, seguros e previdência complementar",Atividades imobiliárias,"Atividades jurídicas, contábeis, consultoria e sedes de empresas","Serviços de arquitetura, engenharia, testes/análises técnicas e P & D","Outras atividades profissionais, científicas e técnicas",Aluguéis não imobiliários e gestão de ativos de propriedade intelectual,Outras atividades administrativas e serviços complementares,"Atividades de vigilância, segurança e investigação","Administração pública, defesa e seguridade social",Educação pública,Educação privada,Saúde pública,Saúde privada,"Atividades artísticas, criativas e de espetáculos",Organizações associativas e outros serviços pessoais,Serviços domésticos
0,0.022019641374565444,0.02819578032888613,0.0022873229524060876,0.0,0.0,0.0,0.0,0.003495039732072559,0.7048455684870188,0.2057656886774666,0.021325014702498146,0.3888189706564218,0.05775790349417637,0.0,0.0,0.0,0.0,0.0,0.0,0.3086268504338949,0.0,0.0,0.0,0.0,0.0,0.0,0.0,0.0,0.0,0.0,0.0,0.0,0.0,0.0,0.0,0.0,0.0,0.0,0.0005123189418285129,9.308343533726456e-06,0.00929697474648121,0.0,0.0,0.0,0.0,0.011702870282922022,0.013967794624152256,0.0,0.0,0.0,0.0,0.0,0.0,2.05125049358215e-05,3.4077936240181294e-05,0.0,0.0,0.0005857780765352666,0.0,0.001005395822550612,0.0013966674060108682,0.00045024763619991,0.0010440557286139733,0.0009024027027627748,2.958930050893597e-05,0.0014592878412400003,0.0
1,0.001723333807443082,0.03471144896059571,0.0013196093956188968,0.0,0.0,0.0,0.0,0.3355122921699588,0.0,0.005761337761598817,0.0,0.0,0.0,0.0,0.0,0.0,0.0,0.0,0.0,0.0,0.0,0.0,0.0,0.0,0.0,0.0,0.0,0.0,0.0,0.0,0.0,0.0,0.0,0.0,0.0,0.0,0.0,0.0,0.0,0.0,6.750215042564927e-06,0.0,0.0,0.0,0.0,0.011456494066439452,0.005219614387671768,0.0,0.0,0.0,0.0,0.0,0.0,0.0,0.0,4.287796929937398e-05,0.0,0.0,0.0,0.0001769853592951521,0.000304979483198403,8.828385023527647e-05,0.00012551489633610608,0.00048454135271498743,0.0,5.2586949233873885e-05,0.0
2,0.0030265843259317084,0.008493639466335712,0.050673000791765635,9.820770930518046e-05,0.0,0.0,0.0,0.0054000284212022175,0.0,0.0007686618033095967,1.2784780996701526e-05,0.00026495330198052594,0.0008111480865224626,0.00016149609986918816,0.0003554291807357384,0.1042510895328389,0.046828486375085875,0.0,0.0,1.7015484090522377e-05,0.001117580507188388,0.0,0.0,0.0,0.009079277342750398,0.0009757329476318388,0.007930082414730854,0.0,9.509922018639446e-05,0.0,0.0,0.0,0.0,0.0,0.0,2.847420948475918e-05,0.0,0.0,0.0,0.001065805334611679,0.0002314359443165118,0.0,0.0,0.0,0.0,0.0015603827043896028,0.0014780030536519547,0.0,0.0,0.0,0.0,0.0,0.0,0.0,2.555845218013597e-05,0.0,0.0,0.0,0.0,9.072358753785107e-05,0.00022526893645336585,3.531354009411059e-05,0.00016545145426123073,5.778933564490676e-05,0.0,0.0,0.0
3,0.00015215615190476348,0.0027614024201054917,0.0003225711855957303,0.015909648907439233,0.0032936532412261767,0.0,6.025911419102139e-05,0.00019587585311615438,0.00027976723366159354,0.0009572014909138374,0.0,0.0,0.0,0.0,0.0,0.0,5.088670076075618e-05,0.0,1.3164442314730222e-05,0.003879530372639102,0.010444548690637158,0.0011611511984739155,0.0,0.0,0.0,0.06259613839336961,0.013784227024558343,0.0060820991510786085,1.0566580020710496e-05,0.0,0.0005398402072986396,0.0,0.0,0.00043299415457891317,0.0,0.00046982445649852646,0.0,0.0011461473906691946,0.005511309828761275,0.009648098072707471,6.750215042564928e-05,0.0,0.0,0.0,4.174912118099914e-05,0.0,0.0,0.0,0.0,0.0,0.0,0.0,0.0005330231295162396,0.0,8.519484060045324e-06,0.0,0.0,0.0,0.0,8.031268404990095e-05,5.891649107241876e-05,0.0,1.7115667682196283e-05,4.445333511146674e-06,0.0,0.0,0.0
4,0.0,0.0,0.0,4.910385465259023e-05,0.07450194288533893,0.0008737439930100481,0.0008436275986742995,9.21768720546609e-05,0.0,0.000870183173558034,0.0006136694878416733,0.0,0.000894342762063228,0.0,0.0,0.0004969798914290083,0.0027860468666514007,0.0,0.24549315317355214,0.0,0.003897734484947156,0.0003594039423847834,0.00024164966169047363,0.00019300672306752015,0.0002763703362505758,0.002169570907087265,0.0011106267256233001,0.001763992503031862,0.001236289862423128,0.0,9.447203627726193e-05,4.094333442515558e-05,0.0001641098822689975,0.000635058093382406,0.0,0.0,0.0,0.016150965094955397,0.0,0.0,0.0,0.0,0.0,0.0,0.0,0.0,0.0,0.0,0.0,0.0,0.0,0.0,0.0,0.0,0.00048561059142258347,0.0,0.0,0.0,0.0,0.0,0.0,0.0,0.0,0.0,0.0,0.0,0.0
5,0.0,0.0,0.0,0.0,0.0,0.010200011396660779,0.0009641458270563423,0.0,0.0,0.0,0.0,0.0,0.0,0.0,0.0,0.0,0.0,0.0,0.0,0.0,0.0,0.0,0.0,0.0,0.0,0.0008724200472943499,0.07289655601918166,0.0,0.0,0.0,0.0,0.0,0.0,0.0,0.0,0.0,0.0,0.0,0.0,0.0,0.0,0.0,0.0,0.0,0.0,0.0,0.0,0.0,0.0,0.0,0.0,0.0,0.0,0.0,2.555845218013597e-05,0.0,0.0,0.0,0.0,0.0,0.0,0.0,0.0,0.0,0.0,0.0,0.0
6,0.0,0.0,0.0,0.0,0.0003083944982421514,0.00013296104241457252,0.04157878879180476,0.0,0.0,0.0,0.0,0.0,0.0,0.0,0.0,0.0,0.0,0.0,0.0,0.0,0.0,0.0,0.0,0.0,0.0,0.00042473081249856507,0.017738888542899255,0.07860791591635737,0.0,0.0,0.0,0.0,0.0,0.00014433138485963771,0.0,0.0,0.0,0.0,0.0,0.0,0.0,0.0,0.0,0.0,0.0,0.0,0.0,0.0,0.0,0.0,0.0,0.0,0.0,0.0,8.519484060045324e-06,0.0,0.0,0.0,0.0,0.0,0.0,0.0,0.0,0.0,0.0,0.0,0.0
7,2.3154197028985746e-05,0.010192367359602853,2.9324653235975483e-05,0.0,0.0,0.0,0.0,0.08162262020440222,0.0,0.006635146698380009,0.0,0.0,0.0,0.0,0.07479245474624895,0.0,0.0,0.0,0.0,0.012370256933809769,0.0,0.00015205551408586988,0.0383148963591451,3.216778717792003e-05,0.0,0.0,0.0,0.0,0.0005071958409941038,0.0,0.0,0.0,0.0,0.0,0.0,1.423710474237959e-05,0.0,0.0,0.0,0.0,0.000349082549344072,0.0,0.0,0.0,0.0,0.020449225968053215,0.068476369704932,0.0,0.0,0.0,0.0,0.0,0.0,0.0,8.519484060045324e-06,0.0,0.0,0.0,0.0,0.0027157585384281323,0.005649051791061328,0.0018539608549408059,0.0045128310455390865,0.0031650774599364315,8.876790152680792e-05,0.001367260680080721,0.0
8,4.9616136490683746e-05,0.0004654049022649705,2.9324653235975483e-05,0.0,0.0,0.0,0.0,0.0013749716748153583,0.03368397493285586,0.015964235471566765,0.012516300595770795,0.0,0.0,0.0,0.0,0.0,0.0,0.0,0.0,0.010872894333843799,0.0,0.005791932763816317,0.0,1.6083893588960014e-05,0.0,0.0,0.0,0.0,0.0,0.0,0.0,0.0,0.0,0.0,0.0,0.0,0.0,0.0,0.0,0.0,1.0607480781173457e-05,0.0,0.0,0.0,0.0,8.212540549418962e-05,0.0032267514114263395,0.0,0.0,0.0,0.0,1.7730024910685e-06,0.0,0.0,1.7038968120090647e-05,0.0,0.0,4.801459643731694e-06,0.0,9.36981313915511e-05,0.00024259731618054783,6.179869516469353e-05,0.0001939775670648912,8.890667022293347e-05,0.0,4.601358057963965e-05,0.0
9,0.00402883028304352,0.0848045299410487,0.023870267734084044,0.0009329732383992144,0.0,5.698330389195966e-05,0.0,0.08610087990505783,0.0,0.09583979927774797,0.02646449666317216,0.0,0.0,0.0,0.0,0.0,0.006856982927511895,0.0,0.0,0.035528330781010725,6.898645106101161e-06,0.005598407564070664,0.020486521318870153,8.041946794480007e-05,0.0,0.0,0.0,0.0,0.0,0.0,0.0,0.0,0.0,2.8866276971927545e-05,0.0,8.542262845427753e-05,0.0,0.0,0.0,0.0,0.003513969087872371,1.8779930514257096e-05,0.0,0.0009217839230039312,0.00012524736354299743,0.011579682174680736,0.04418030749565032,0.0,0.0,8.788559806149481e-05,0.0,0.0003138214409191245,2.0114080359103382e-05,0.00014871566078470587,8.519484060045323e-05,0.0002486922219363691,0.0,4.801459643731694e-06,0.0,0.0018828862593921222,0.005174254186536542,0.0013330861385526746,0.00724563265212976,0.0026494187726434173,0.0008876790152680791,0.004969466702601082,0.0
10,0.0,0.0,0.0,0.0,0.0,0.0,0.0,0.0018857851741182706,0.0,3.625763223158475e-06,0.128116290367946,0.0,0.0,0.0,0.0,0.0,0.0,0.0,0.0,0.0,0.0,0.0,0.0,0.0,0.0,0.0,0.0,0.0,0.0,0.0,0.0,0.0,0.0,0.0,0.0,0.0,0.0,0.0,0.0,0.0,1.542906295443412e-05,2.1909918933299947e-05,0.0,0.000135556459265284,0.0,0.02176323245596025,0.10658931931967475,0.0,0.0,0.0,0.0,0.000255312358713864,0.0,1.025625246791075e-05,0.0,0.0,0.0,4.801459643731694e-06,0.0,0.00011600721029430137,0.000304979483198403,7.062708018822118e-05,0.00023961934755074797,0.0008179413660509879,0.0006805539117055273,8.545379250504506e-05,0.0
11,0.0,0.0,0.0,0.0,0.0,0.0,0.0,0.0,0.0,0.0,0.0,0.048751407564416774,0.0,0.0,0.0,0.0,0.0,0.0,0.0,0.0,0.0,0.0,0.0,0.0,0.0,0.0,0.0,0.0,0.0,0.0,0.0,0.0,0.0,0.0,0.0,0.0,0.0,0.0,0.0,0.0,0.0,0.0,0.0,0.0,0.0,0.0,0.0,0.0,0.0,0.0,0.0,0.0,0.0,0.0,0.0,0.0,0.0,0.0,0.0,0.0,0.0,0.0,0.0,0.0,0.0,0.0,0.0
12,0.00174979574690478,5.429723859757989e-05,2.9324653235975483e-05,0.007758409035109257,0.0005982853265897737,0.0,0.00042181379933714974,0.0,0.0025458818263205014,0.0007432814607474874,0.0,0.0,0.1933028286189684,0.21821353014324704,0.07324379903018609,0.0,0.0013230542197796606,0.0,0.0,0.0,0.0,0.0004008736280445661,0.0,0.0016888088268408015,0.0044833410102871184,0.00016070895608053814,0.0,0.0,0.00045436294089055133,0.0,8.097603109479595e-05,4.094333442515558e-05,1.4270424545130217e-05,0.014880565779028649,0.001993901008679334,0.01795298908014066,1.4052246251563312e-05,0.00010101638019457309,0.0001397233477714126,0.0007896578097777943,8.389552981473552e-05,0.00010328961782841403,0.0005620406398616516,0.0,0.0,0.011374368660945263,0.000683520931718922,0.0,0.00011542545823906922,0.0,0.0,0.0,0.0,0.0,3.4077936240181294e-05,0.0,0.0,3.3610217506121856e-05,0.0,5.05672455129006e-05,0.0001524897415992015,0.0,0.0001026940060931777,5.3344002133760084e-05,0.0,0.0035890592852118926,0.0
13,6.615484865424499e-06,1.5513496742165683e-05,0.0003812204920676813,0.00024551927326295114,0.0007771541355702215,0.0,0.0,3.07256240182203e-05,0.0,3.2631869008426274e-05,0.0,0.0,0.00018718801996672215,0.040244828087401686,0.0,0.0,0.0,0.0,0.0,0.0,0.0,0.0001244090569793481,0.0,0.0,0.0,0.00022958422297219736,6.227813414710095e-05,0.0,0.0007819269215325767,0.0,2.699201036493198e-05,1.6377333770062233e-05,0.0,0.0,0.0,0.0,1.4052246251563312e-05,0.0006566064712647251,0.0020648005837330973,7.136396709190283e-05,0.000436835344897416,0.000685467463770384,0.0003891050583657588,0.005856039040260269,0.0010437280295249784,0.0050096497351455665,0.000994212264318432,0.0,0.0034858488388198904,0.00038920764855804844,0.0,0.001485776087515403,6.201841444056875e-05,4.615313610559837e-05,0.0015931435192284755,0.00028299459737586824,0.0,0.0007634320833533394,0.005726341169379145,0.0008983122438174107,0.002744815348785627,0.0,0.0002681454603544084,0.00016003200640128025,0.004172091371759972,0.006566795285580002,0.0
14,6.615484865424499e-06,7.756748371082842e-06,0.0,0.0,3.0839449824215136e-05,0.0,0.0,1.9203515011387685e-05,0.0,2.90061057852678e-05,0.0,0.0,0.0,0.0,0.13630709081215567,0.0,0.0006742487850800193,0.0,0.0,0.0,0.0,4.14696856597827e-05,0.0,0.0,0.0,0.0,0.0,0.0,0.00034869714068344636,0.0,0.0,0.0,7.1352122725651086e-06,0.0001010319694017464,0.0,0.00044135024701376726,0.0,0.0006216392627358344,0.0,3.5681983545951415e-05,0.0,0.0,0.0,0.0,0.0,4.106270274709481e-05,0.0,0.0,0.0007156378410822291,0.0,7.909390027841053e-06,0.0,0.0,0.0,0.0,0.0,0.0,1.9205838574926776e-05,0.0011553144464536871,2.2309078902750266e-05,3.4656759454363977e-06,0.0,0.0,0.0,0.0,0.0,0.0
15,0.0012139414728053956,0.002389078498293515,0.0005864930647195097,0.00019641541861036092,0.0,0.0,0.0,0.00011906179307060365,0.0,0.0009028150425664603,0.0010739216037229282,0.0,0.00041597337770382697,0.0,0.0,0.1200015291688967,0.005839248912296771,0.0,0.0,0.0,0.00010347967659151742,0.0004976362279173924,0.0,0.0,0.0,0.00036733475675551576,0.0001245562682942019,0.0,0.0020816162640799676,0.0,4.048801554739797e-05,0.002456600065509335,0.0009703888690688547,0.0007216569242981886,0.0063335679099225895,0.07498683067811329,0.0,0.0018221800888944145,9.314889851427506e-05,0.007108471678589103,0.0018283439601004432,0.0,0.0,0.0,0.0005510883995891887,0.0,0.0,0.0,0.002631700447850778,0.0,0.0,0.0,0.0005916891972302911,0.0,0.0,0.0,0.0,0.00037931531185480383,0.0,6.990178056195083e-05,7.277919485416435e-05,0.0,1.1410445121464189e-05,0.0,0.0,0.0010122987727520722,0.0
16,0.0013958673066045693,0.001116971765435929,0.0006158177179554852,0.00024551927326295114,0.00024054770862887807,0.0010636883393165802,0.0011449231696294064,0.011541312521843998,0.00047560429722470906,0.011805485054603994,0.002697588790304022,0.03967675697158376,0.011792845257903495,0.00448959157636343,0.0165782325014598,0.022287636669470142,0.10752359870747781,0.05380216055920356,0.000297516396312903,0.0007316658158924621,0.0004967024476392836,0.0025020043681402227,0.03930834496831705,0.014475504230064013,0.017319207738369417,0.02086920586817274,0.00030101098171098794,0.00020212414097240089,0.012035334643589255,0.011085051228243428,0.00484506586050529,0.0011627906976744186,0.0013628255440599358,0.008313487767915132,0.0012510751427007585,0.011546291946069848,0.0002388881862765763,0.0002331147235259379,0.0006830919224380172,0.0003847448660606935,0.004633540468503497,0.0004006385176374847,0.0019022913964548208,0.0004337806696489088,0.002045706937868958,0.007062784872500307,0.0042564712566132866,0.035180650642146816,0.0015697862320513413,0.00019460382427902422,0.0018191597064034423,0.001911296685371843,0.000248073657762275,0.005005051204340446,0.0021128320468912403,0.00273561444130006,0.005903733891397731,0.004849474240169011,0.0007283504118947157,0.0007793304896694092,0.002152184762116003,0.0023218652611877713,0.0005591118109517453,0.00225822942366251,0.0007693218132323352,0.0024913067199547755,0.0
17,1.6538712163561246e-05,0.0,8.797395970792644e-05,0.0,3.0839449824215136e-05,0.000170949911675879,0.00030129557095510696,0.00016130952609565656,0.00027976723366159354,0.00024292613595161783,0.0027487279142908282,0.0,0.00018718801996672215,0.00014534648988226933,0.00012693899311990657,0.0005352091138466243,0.0015011576724423073,0.05761491209489515,1.3164442314730222e-05,0.00013612387272417901,6.898645106101161e-06,0.0002211716568521744,0.0,0.0001286711487116801,0.0002047187675930191,0.00011479211148609868,0.00014531564634323555,1.8374921906581898e-05,0.00017963186035207843,0.002234292062708308,0.0001349600518246599,0.0001473960039305601,0.00012129860863360684,0.00018763080031752904,9.774024552349675e-05,0.00034169051381711013,0.0,9.713113480247412e-05,0.0001397233477714126,3.878476472386023e-05,0.005625822079760541,0.00013145951359979968,4.32338953739732e-05,0.0008946726311508744,0.00036739226639279245,8.212540549418962e-05,0.00019529169477683486,0.07600819549247913,0.00648691075303569,0.004205953621514394,0.005228106808402936,0.00241128338785316,0.00036708196655363667,0.00205125049358215,0.001763533200429382,0.02252808506989109,0.0009472408855600837,0.004585393959763768,2.511553144464537e-05,0.0014039846989464166,0.0008040368193412443,7.062708018822118e-05,0.0005933431463161378,7.112533617834678e-05,0.007160610723162505,0.002116624706663424,0.0
18,0.03106631692803345,0.02486813527769159,0.015307468989179202,0.04753253130370734,0.011922531302041572,0.05656542633008529,0.08074721301596867,0.0104467121661949,0.029571396598030437,0.011979521689315601,0.00879592932573065,0.001391004835397761,0.004513311148086523,0.0017118586586133944,0.005077559724796263,0.008028136707699366,0.017772180240694095,0.0012709171785638637,0.32587523794729484,0.017134592479156035,0.06041143519412787,0.012952365154405463,0.012350982708624208,0.0028146813780680026,0.015077537233225857,0.040992263011685834,0.02696643208569471,0.027158134577928046,0.004216065428263488,0.0024194543883471176,0.009582163679550853,0.003791352767769407,0.006721369960756333,0.004762935700368045,0.003244976151380092,0.004043337746835803,0.004356196337984627,0.02436437385385261,0.013630788815922251,0.01078061320264419,0.014111806704699307,0.1944849604056465,0.0490272373540856,0.12275992951064119,0.014269849619665506,0.003490329733503059,0.004194332990093385,0.0014492029383838887,0.0015467011404035275,0.0007470275835227059,0.001044039483675019,0.0010638014946411,0.0001340938690606892,0.0025897037481474646,0.003475949496498492,0.00084040819826773,0.01202775636083269,0.0022038699764728477,0.008589511754068717,0.0025610822580357305,0.0012164522568481756,0.0008386965772351264,0.0004107760243727108,0.0011780133804538686,0.0034027695585276364,0.00296458926305964,0.0
19,0.0003803903797619087,0.0008454855724480297,0.00014662326617987742,0.00024551927326295114,0.004508727564300253,0.0,0.0,0.00017283163510248918,0.0026857654431512983,0.0002574291888442517,0.0005241760208647626,0.0,0.0,0.0,0.0,0.00042052144659377626,1.2721675190189045e-05,0.0,0.06352896572242511,0.007078441381657309,0.0020006070807693367,0.004575488651129358,0.04145634196112125,0.015778299610769774,0.0,0.0,0.0,0.0,0.0004966292609733933,0.0,4.048801554739797e-05,8.188666885031117e-06,9.989297181591151e-05,1.4433138485963772e-05,0.0,4.2711314227138767e-05,0.0,2.7196717744692753e-05,6.209926567618338e-05,0.000564706174379405,0.0004985515967151525,0.0023725312216344796,0.0,0.0002168903348244544,0.0005093392784081896,0.0,4.8822923694208714e-05,0.0,2.3085091647813843e-05,8.788559806149481e-05,6.327512022272843e-05,8.333111708021951e-05,0.0,0.00024102193299590263,0.0007667535654040791,0.0002058142526369951,0.0008591254543451922,0.00014884524895568253,0.001758087201125176,0.0009578031208914114,0.0004054840856160585,0.0,0.00016545145426123073,0.0002533840101353604,0.0,0.0007230705519657659,0.0
20,0.1155195967200426,0.027365808253180263,0.007946981026949356,0.0026516081512398724,0.016912354283599582,0.0018804490284346686,0.006568243446821331,0.0006375566983780711,0.006126902417188899,0.0019905440095140028,0.0012529085376767495,0.0009273365569318408,0.058589850249584026,0.0011950711390319923,0.030084541369417857,0.014756479853199786,0.04511106022441035,0.0016945562380851515,0.0,0.017508933129147527,0.212154032947929,0.1507837770589699,0.07909998926001503,0.017193682246598254,0.12805158912943346,0.027010583832679017,0.007307301073259845,0.015655433464407776,0.01340899004628162,0.0014936427601530675,0.029272835240768732,0.0011546020307893875,0.00047805922226186226,0.011719708450602584,0.009774024552349676,0.021583450789447456,0.0025434565715329593,0.000664376962048923,0.012062782357598622,1.5513905889544092e-06,0.000276758816745162,0.0,0.0,0.0,0.0,0.0,0.0,0.0,0.0,0.0,0.0,0.0,0.0,0.0,0.00023002606962122373,8.575593859874796e-06,0.0,0.0,0.0,1.3385447341650159e-05,0.00010397027836309193,0.0,0.0011353392895856868,0.002831677446600431,0.0,0.001367260680080721,0.0
21,0.06841734447822016,0.01863946633571207,0.0020820503797542595,0.09113675423520746,0.0016714981804724605,0.003475981537409539,0.008677312443507081,0.0034796769200634487,0.0010071620411817369,0.00924932198227727,0.001534173719604183,0.00026495330198052594,0.003639767054908486,0.0005813859595290773,0.004290537967452842,0.023128679562657694,0.018726305879958275,0.046388477017581024,0.000824094088902112,0.0024502297090352224,0.004146085708766798,0.08690663791435127,0.04175169154763183,0.014298581400585453,0.022682839449306515,0.01225979750671534,0.0038820036951692925,0.0006982470324501121,0.006540713032819797,0.0038019997531168995,0.0016735046426257828,0.0018015067147068456,0.0032536567962896893,0.002222703326838421,0.0031667839549612948,0.008300232064807301,0.009021542093503646,0.0006332949989121312,0.005076614969027992,0.011923988066703589,0.002408862453761027,0.0005571379385896272,0.0,0.0,0.0003005936725031938,0.0007801913521948014,0.0,0.006146619359352356,0.0032088277390461242,6.2775427186782e-06,7.909390027841053e-06,4.9644069749918e-05,0.0019661513551023553,0.0,0.0001789091652609518,0.00013720950175799673,0.0002643462936446745,0.0063139194315071775,2.511553144464537e-05,0.00024093805214970285,0.0010085117001219918,0.0,0.0037198051095973256,0.0,0.00017753580305361583,0.0005127227550302704,0.0
22,6.615484865424499e-06,0.00015513496742165683,0.0,0.0,0.0003392339480663665,0.0007217885159648223,0.0006628502561012353,0.00014978741708882395,0.00027976723366159354,0.00048585227190323565,0.00020455649594722442,0.0,0.0005823627287853577,0.00043603946964680803,2.5387798623981314e-05,0.0005734383362642404,0.0003689285805154823,5.2954882440160984e-05,6.055643464775902e-05,1.7015484090522377e-05,0.0002828444493501476,0.0013408531696663072,0.023977016432176996,0.0001286711487116801,0.00019448282921336813,0.00048212686824161444,0.00013493595731871872,0.0006063724229172027,0.003560937466979437,0.00033329218614985807,0.00012146404664219392,0.0001883393383557157,0.00014270424545130217,0.00028866276971927543,5.864414731409806e-05,8.542262845427753e-05,0.0,5.8278680881484474e-05,0.0005278437582475588,0.00010859734122680864,0.0015641212570057588,0.0006197377069704842,0.0003458711629917856,2.71112918530568e-05,0.0006846855873683859,0.0022995113538373095,0.00019529169477683486,0.0002498625755834291,0.000738722932730043,0.000596366558274429,3.163756011136421e-05,2.1276029892822e-05,0.0,0.0009230627221119675,0.0005963638842031726,0.0009776177000257267,0.0014979623306531555,0.0055072742113602535,2.511553144464537e-05,0.0002662216749061532,0.0005614395031606964,0.0009799507376115689,0.00024532457011148005,0.002222666755573337,0.0040537341697242275,0.0043844368923742355,0.0
23,0.0012470188971325181,0.0247285138070121,0.0004985191050115832,0.0,0.00041324862764448284,0.0,0.0,0.0,0.0,0.0007686618033095967,0.0,0.0,0.0,0.0,0.0,0.0,0.0,0.0,0.0,0.0,0.0,0.0008155704846423931,0.0,0.018962910541383857,0.0,0.0,0.0,0.0,0.0,0.0,0.0,0.0,0.0,0.0,0.0,0.0,0.0,0.0,0.0,0.0,5.9787618948432216e-05,0.0,0.0,0.0,0.0,0.0,0.0,0.0,0.0,0.0,0.0,0.0,0.0,0.0,4.2597420300226615e-05,0.00030014578509561784,0.0,0.0,0.0,0.00034504708702920407,0.0009911833203948097,0.0009711223525880412,0.01637969397186184,0.023929230290502545,8.876790152680792e-05,0.002931722419788469,0.0
24,0.0019449525504348028,0.0014427551970214085,0.0011729861294390194,0.006776331942057451,0.00047492752729291315,0.0050905084810150625,0.002892437481169027,0.010788534733397602,0.004168531781557744,0.026562341372858986,0.04224091641310184,0.0,0.0017262895174708819,0.0013404176289142616,0.013988677041813703,0.007684073705940821,0.008536244052616849,0.045011650074136836,0.0002527572924428203,0.0006636038795303727,0.008506029415822732,0.00906803793093915,0.04580603587154978,0.0075111783060443265,0.13076411280004094,0.022212273572560094,0.0034979552012621698,0.00022049906287898276,0.0071430080940002956,0.012689791383779781,0.024495249406175774,0.012651490337373075,0.045665358544416695,0.03471169805874287,0.01890296348424427,0.03297313458335113,0.013012380028947626,0.0009285736487116526,0.005169763867542266,0.017021857542007777,0.006383774797397117,0.01595981094869949,0.0,0.022990375491392167,0.000926830490218181,0.0004106270274709481,0.0017487483577743848,0.0,0.0,0.0,7.909390027841053e-06,3.72330523124385e-05,0.00014415090924024089,0.002158941144495213,9.371432466049856e-05,0.0,0.005771560744575394,0.0016420991981562394,0.0,0.00016657445580720197,0.0005787678828878785,0.0,0.002128048015153071,0.0013380453868551488,0.0,0.000446989068487928,0.0
25,0.007154646881956596,0.011146447409246044,0.0017301545409225535,0.001964154186103609,0.0004872633072225992,5.698330389195966e-05,0.0005423320277191926,3.840703002277537e-06,0.002042300805729633,0.004492320633493351,0.018972614999105065,0.0,0.0,0.0,0.0,0.0,0.0015266010228226854,0.0,0.0,0.0,0.002235161014376776,0.0018246661690304387,0.007437439587584577,0.0007237752115032007,0.0026101642868109937,0.0999265330486489,0.002065558115878848,5.512476571974569e-05,0.001109490902174602,1.2344155042587336e-05,0.0035224573526236235,0.0018096953815918769,0.011080984659293613,0.0009381540015876452,0.003069043709437798,0.005751790315921354,0.0023748296165141997,0.008092966151742143,0.01293217207706519,0.08076384267037759,0.00014079019945921134,0.0,0.0,0.0,7.514841812579845e-05,0.007678725413706729,0.0024100770514504846,0.0,0.0,0.0,0.0,0.0,0.003660762625356815,0.0,1.7038968120090647e-05,0.0,0.0,0.0002592788207615115,0.0,0.0004313088587865051,0.0004886603083065321,0.0,0.0005762274786339415,0.00026227467715765374,2.958930050893597e-05,0.0013015269935383786,0.0
26,0.0005325465316666722,0.002055538318336953,0.00046919445177560774,0.003437269825681316,0.007543329427003023,0.0,0.00391684242241639,0.0005953089653530182,0.0,0.00010877289669475425,0.0,0.0,0.0,0.0,0.0,0.0,0.0015138793476324962,0.0,0.0,0.0,0.0,0.0,0.0,1.6083893588960014e-05,0.005773069246123139,0.007392611979704754,0.07154719644599447,0.005530851493881151,0.14661129778735812,0.0004320454264905567,0.032633340531202766,0.053996069439895183,0.03401355690331787,0.07399870101753626,0.022362968175776057,0.014351001580318627,0.013181006983966386,0.0007964753053802877,0.0012109356806855758,0.020270469435278313,0.0008939213349225268,5.946977996181414e-05,0.0,0.0,4.174912118099914e-05,0.0,0.0,0.0,0.0,0.0,9.491268033409264e-05,0.0,0.0,0.0,0.00018742864932099713,0.0,0.003877078973455226,0.0,0.0,0.0001621126400266519,0.00011090163025396473,0.0,2.2820890242928378e-05,0.0,0.0,0.0,0.0
27,0.0,0.0,0.0,0.0,0.0,0.0,0.004941247363663754,0.000929450126551164,0.0,0.0012037533900886137,0.0,0.0,2.0798668885191348e-05,0.0,0.0,0.0,0.002251736508663461,0.010008472781190426,0.0,0.0,0.0001241756119098209,0.0020043681402228306,0.0,0.0001286711487116801,0.0005936844260197554,0.0006887526689165921,0.013348280085528637,0.14145014883686746,0.020182167839557046,0.0013825453647697817,0.07156931548261715,0.011079266295447102,0.0024687834463075274,0.04953453128382767,0.01599030416764407,0.022508862597702132,0.016103874204291557,4.273769931308861e-05,0.0010867371493332092,0.002790951669528982,0.00040887016829250415,3.1299884190428495e-05,0.0,0.0,0.0,0.0,0.0,0.0,0.0,0.0,0.0,0.0,3.8551987354948144e-05,0.0,8.519484060045324e-06,0.0,0.0,0.0,0.0,1.0410903487950123e-05,6.9313518908727955e-06,0.0,0.0,0.0,0.0,0.0,0.0
28,0.0010948627452277546,0.003715482469748681,0.0013782587020908477,0.002504296587282102,0.008554863381237279,0.009516211749957263,0.01301596866526062,0.009390518840568579,0.0017625335720680394,0.008295746254586591,0.05372164974813981,0.0010598132079221037,0.0012063227953410982,0.0010981734791104794,0.0012186143339511031,0.00856334582154599,0.0012721675190189045,0.0009531878839228977,0.0008609545273833565,0.000901820656797686,0.002697370236485554,0.011542395841972851,0.02647406293631189,0.002380416251166082,0.0012385485439377656,0.0017907569391831394,0.02660314296983662,0.002315240160229319,0.07386039434476636,0.010035798049623504,0.02736989851004103,0.04011627906976744,0.01795932929004638,0.024002309302157753,0.05506685432793807,0.013767280285881063,0.03459663027134887,0.00934790041339011,0.0076847841274276935,0.03247525919858265,0.001069426926029215,0.00012832952518075682,4.32338953739732e-05,0.0,5.009894541719897e-05,0.001971009731860551,0.0024810922131875157,0.0,0.00018468073318251074,0.0001129957689362076,1.5818780055682107e-05,0.0,0.0004140148207248779,0.0,0.00021298710150113309,0.0,0.0,0.0009650933883900705,0.0017832027325698212,0.0009414431296960611,0.00021487190861705667,0.0,0.0008614886066705463,0.0,0.0,0.000499576017721802,0.0
29,3.3077424327122495e-06,0.0,0.0,0.0,0.0009930302843397275,0.0,0.0,4.2247733025052906e-05,0.0,0.0,0.0,0.0,0.0,0.0,0.0,0.0,0.0,0.010379156958271553,0.0,0.0,0.0,0.0,0.0,0.0,0.0,0.0,0.0,0.0,0.0,0.1047895321565239,0.0020513927877348305,0.0022928267278087126,0.0006421691045308598,0.0008804214476437901,0.000781921964187974,0.00045558735175614686,0.004482666554248696,0.0002525409504864327,0.00012419853135236676,0.0003568198354595141,0.0001099320735503431,0.0,0.0,0.0,0.0006596361146597865,4.106270274709481e-05,0.0,0.0,0.0031626575557504965,4.3942799030747404e-05,0.008929701341432549,0.0003634655106690425,1.676173363258615e-06,0.0008256283236668154,0.004822027977985653,0.0005402624131721121,0.00041854829827073464,0.0024391414990157004,0.0010799678521197509,0.0006068069461548072,0.0011783298214483751,0.0005385314864351865,0.00026244023779367637,0.00021337600853504033,0.0005326074091608475,0.0018602633291482887,0.0
30,0.00012238647001035325,0.0006282966180577101,0.00014662326617987742,0.0007365578197888534,0.0010177018441990995,0.0002849165194597983,0.0007833684844832781,0.00014978741708882395,0.0004476275738585497,0.00022479731983582544,0.00020455649594722442,6.623832549513148e-05,0.0006031613976705491,6.459843994767526e-05,0.0001777145903678692,0.0006881260035170885,0.000572475383558507,0.00021181952976064393,1.0531553851784178e-05,0.00011910838863365664,0.0005173983829575872,0.00019352519974565258,0.00024164966169047363,0.0001286711487116801,0.0005527406725011516,0.0012627132263470853,0.00015569533536775236,0.001102495314394914,0.0002958642405798939,0.01788668065670905,0.09306845173828547,0.017875859810022928,0.005715305030324652,0.01021866204806235,0.007135037923215263,0.002918606472187816,0.026277700490423394,0.021341652938799614,0.0025460698927235186,0.011596644652434209,0.0008563129939710936,0.0023318413721869226,0.0005188067444876783,2.71112918530568e-05,0.0004759399814633902,0.0009855048659302755,6.657671412846642e-05,0.00014991754535005747,0.0011080843990950644,0.004369169732200027,5.536573019488737e-05,5.14170722409865e-05,0.0006335935313117565,0.002025609862412373,0.00026410400586140503,0.0001715118771974959,0.00044057715607445755,0.0019878042925049215,0.0,0.0001338544734165016,0.00018021514916269268,0.0,3.9936557925124664e-05,1.3336000533440021e-05,0.000946857616285951,0.0034970321240526134,0.0
31,3.307742432712249e-05,0.00013962147067949113,0.00011729861294390193,0.0058924625583108275,0.0144637019675569,0.033829088077193384,0.040072310937029225,0.0,0.0,0.0,0.0,0.0,0.0,0.0,0.0,0.0012997935621989448,0.0,0.0,0.0,0.0,0.0,0.0,0.0,0.0,0.0003684937816674344,2.2958422297219735e-05,0.0,0.00029399875050531036,0.0002958642405798939,0.0003456363411924454,0.004534657741308573,0.08990337373075663,0.007377809489832322,4.3299415457891315e-05,0.009578544061302681,0.0,0.07643016736225285,5.8278680881484474e-05,0.0006520422895999255,0.004981515181132608,0.0004715507365448928,5.946977996181414e-05,0.002896670990056204,0.0,0.0008850813690371818,0.00016425081098837924,0.0,0.0,0.0,0.00023854662330977162,0.0,3.546004982137e-06,0.0,0.0,5.963638842031727e-05,8.575593859874796e-06,0.0,0.005713736976040716,0.0,8.923631561100106e-05,3.4656759454363975e-05,0.0,0.0006275744816805304,0.0,5.917860101787194e-05,0.0,0.0
32,0.0,0.0,0.0,0.0,0.0,0.0,0.0,0.0,0.001258952551477171,0.0,0.0,0.0,0.0,0.0,0.0,0.0,0.0,0.0,0.0,0.0,0.0,0.0003317574852782616,0.0,0.0,0.0,0.0,0.0,0.0,0.0,0.0,0.0,0.0,0.029311452015697466,0.0003896947391210219,0.0,0.0,0.0,0.0,0.0,0.0,0.00023529321005512032,0.0012394754139409684,0.0,0.0,0.0,0.0,0.0,0.0,0.0,0.0,0.0,0.0,0.0,0.0,0.00010223380872054388,0.0,0.0,0.0,0.0,2.8258166610150335e-05,0.0,0.0,0.0,0.0,0.0,0.0,0.0
33,0.0,0.0,0.0,0.0,0.0,0.0,0.0,0.0,0.0,0.0,0.0,0.0,0.0,0.0,0.0,0.0,0.0,0.0,0.0,0.0,0.0,0.0,0.0,0.0,0.0,0.0,0.0,0.0,0.0,0.0,0.0,0.0,0.19905815198002139,0.10081547232445695,0.0003127687856751896,0.0,0.0,0.0,0.0,0.0,0.009476337603326506,0.023355973582897743,0.0,0.0,0.0,0.0,0.0,0.0,0.0,0.0,0.0,0.0,0.0,0.0,0.00019594813338104245,0.0,0.002489260931820685,0.0,0.0,0.0012433593308466147,0.0007347233004325163,0.0,0.0004278916920549071,0.0,0.0,0.0,0.0
34,0.0,0.0,0.0,0.0,0.0,0.0,0.0,0.0,0.0,0.0,0.0,0.0,0.0,0.0,0.0,0.0,0.0,0.0,0.0,0.0,0.0,0.0,0.0,0.0,0.0,0.0,0.0,0.0,0.0,0.0,0.0,0.0,0.0,0.0,0.1382633513175385,0.0,0.01098885656872251,0.0,0.0,0.0,8.100258051077913e-05,0.0034116873767567057,0.0,0.0,0.0,0.0,0.0,0.0,0.0,0.0,0.0,0.0,0.0,0.0,0.0,0.0,0.0,0.0,0.0,0.0005889596830326069,3.4656759454363977e-06,0.0,0.0,0.0,0.0,0.00017090758501009013,0.0
35,1.3230969730848998e-05,7.756748371082842e-06,0.00020527257265182838,0.0,0.00021587614876950596,0.0003039109540904515,0.00024103645676408557,2.688492101594276e-05,0.00011190689346463742,5.076068512421865e-05,6.392390498350764e-05,0.0,0.00010399334442595674,0.013581821998998723,0.003376577216989515,0.0001529168896704641,2.544335038037809e-05,0.0,5.265776925892089e-06,1.7015484090522377e-05,0.0003725268357294627,0.00038705039949130516,0.0,0.0005468523820246405,1.0235938379650955e-05,0.0010216497922262782,5.189844512258412e-05,1.8374921906581898e-05,2.1133160041420992e-05,0.00016047401555363536,2.699201036493198e-05,0.002653128070750082,0.0013628255440599358,0.005138197301003103,0.00013683634373289546,0.017440453309415,0.0009977094838609952,0.00017872128803655239,0.0003415459612190086,0.0006438270944160798,0.00026518701952933643,0.00019405928198065666,0.002377864245568526,2.71112918530568e-05,0.0008433322478561826,0.00012318810824128444,1.3315342825693286e-05,4.997251511668582e-05,0.0007848931160256707,6.2775427186782e-06,0.00036383194128068844,0.000226944318856768,0.00012068448215462028,0.0007333220514556186,0.0018316890729097445,0.0013463682360003429,0.005617358739949334,0.0004945503433043645,0.0002511553144464537,0.0010440648926487125,0.0020239547521348563,0.00014125416037644235,0.00773628179235272,0.02829010246493743,0.002781394247839981,0.00034838853867441447,0.0
36,0.00019846454596273498,0.00019391870927707103,0.0024632708718219406,0.033390621163761354,0.018960093751927466,0.018918456892130606,0.04471226272973787,0.003591057307129497,0.01258952551477171,0.001809255848356079,0.004576951596819146,0.0007286215804464464,0.0029950083194675544,0.003859756786873597,0.0037573941963492345,0.018044192981114763,0.02890364603210951,0.05697945350561322,0.0014928477584904073,0.010992002722477455,0.006760672203979138,0.006966907190843493,0.003866394587047578,0.009103483771351367,0.004401453503249911,0.028078150469499737,0.07339478109235847,0.03020837161442064,0.0067203448931718755,0.0007159609924700655,0.005276938026344202,0.01026039960694399,0.0009917945058865502,0.007057804719636285,0.012745328016263976,0.009182932558834836,0.01243623793263353,0.006612687657352438,0.013801561796531756,0.003070201975540776,0.004371246398278117,0.0030861685811762493,0.057803718115002165,0.01770367358004609,0.022060235632039946,0.0002463762164825689,0.001025281397578383,0.02773474588976063,0.003070317189159241,0.002762118796218408,0.006074411541381929,0.0006258698793471805,0.00013577004242394783,0.004123013492100122,0.0015335071308081583,0.0011148272017837235,0.018724529133164445,0.00354347721707399,0.004997990757484428,0.0019289916891244729,0.0005059886880337141,0.0,0.007148643868597314,0.00219154942099531,0.014528346549887562,0.003122350110761262,0.0
37,0.022204874950797333,0.03219050573999379,0.011114043576434708,0.032604959489319914,0.0018441990994880653,0.02081790035519593,0.027899969870442905,0.006014540901566623,0.0014827663384064458,0.011036823251294398,0.008770359763737247,0.004040537855203021,0.02918053244592346,0.0034883157571744643,0.007032420218842824,0.030812753268598517,0.026155764191028677,0.007784367718703665,9.741687312900364e-05,0.0028245703590267144,0.03000220756643395,0.00952420447319676,0.005531092256470841,0.004873419757454884,0.02185372844055479,0.04876368895929472,0.03597600215897531,0.04946528977251847,0.012479131004459095,0.001987408961856561,0.008542971280500971,0.005543727481166066,0.0034605779521940778,0.0164537778739987,0.006098991320666197,0.00552399664004328,0.003105546421595492,0.3360232182264632,0.03874994178193843,0.0007167424520969371,0.014703896995575717,0.0032395380137093493,0.0018590575010808475,0.0007862274637386472,0.007055601479588855,0.042130333018519275,0.005738912757873806,0.00609664684423567,0.0068101020361050835,0.00920915516830092,0.0033298532017210832,0.003251686568619629,0.000561518076691636,0.004158910375737809,0.0020105982381706964,0.0011577051710830973,0.0025994052208392995,0.024362606232294616,0.0018836648583484027,0.007887003028085643,0.005718365309970056,0.015449673791173383,0.0071429386460365825,0.005223266875597342,0.020594153154219436,0.016177060258070454,0.0
38,9.923227298136748e-06,7.756748371082842e-06,2.9324653235975483e-05,0.0014731156395777069,0.00025905137852340717,0.003267042756472354,0.00391684242241639,0.0005376984203188552,0.0014547896150402864,0.0010369682818233239,0.006443529622337569,6.623832549513148e-05,0.0012063227953410982,0.0004198898596598892,0.0005585315697275889,0.007760532150776053,0.0032313054983080175,0.00042363905952128787,0.00105842116210431,0.0004424025863535818,0.0040633019674935844,0.005570761106964143,0.0032219954892063153,0.001158040338405121,0.0035006909258406267,0.005751084785453543,0.03179298748209503,0.02737863364080703,0.0017223525433758108,0.0002468831008517467,0.0007692722954005614,0.0008106780216180806,0.0006207634677131644,0.0030165259435664285,0.001837516615841739,0.0010820199604208488,0.0003794106487922094,0.00030693438597581823,0.014034434042817444,0.00041577267783978166,0.0038273719291343137,0.0007981470468559266,0.0003891050583657588,0.0001626677511183408,0.005577682589781485,0.01305793947357615,0.004687000674644036,0.0014991754535005745,0.0011311694907428782,0.0002573792514658062,0.0007197544925335358,0.0008776362330789075,0.0005799559836874808,0.002430731834894848,0.0005196885276627647,0.00022296544035674468,0.0009031831699526379,0.018764104287703462,0.0007283504118947157,0.014646653935618974,0.004456859265831207,0.0018186473148466952,0.009270986661189654,0.0078860216487742,0.002692626346313173,0.010675150694476398,0.0
39,0.0003010045613768147,0.0014349984486503257,0.0003225711855957303,0.00019641541861036092,0.011669647813483008,0.021197789047808994,0.019644471226272973,0.0,0.00011190689346463742,2.5380342562109326e-05,0.0,0.0,0.000478369384359401,0.0,0.0,0.0,0.00024171182861359186,0.0009531878839228977,5.7923546184812975e-05,0.0004253871022630594,0.0004484119318965755,2.76464571065218e-05,0.0,0.0,0.0,0.00030993870101246645,0.0011313861036723338,0.028407629267575615,0.0005283290010355248,0.0008147142328107642,0.0001619520621895919,0.0006059613494923026,0.0014841241526935426,0.00028866276971927543,0.004065994213777465,0.00019931946639331426,0.0,0.0,0.0653905267570211,0.09381879447642895,0.000997103193430305,0.0008231869542082694,0.000216169476869866,5.42225837061136e-05,0.011105266234145771,0.010429926497762082,0.0016866100912544828,0.00039978012093348656,0.004732443787801838,0.030546522869088124,0.005979498861047836,0.003038926269691409,0.0027237817152952495,0.0013179284421265315,0.0065003663378145815,2.572678157962439e-05,0.0036127326798105516,0.012522206750852258,0.00022603978300180834,0.01859982271718632,0.004106825995342131,0.002922195442787651,0.01971724916989012,0.0,0.0032252337554740207,0.002313825766290451,0.0
40,0.05566599740011445,0.06938411417933601,0.02592299346060233,0.03672968328013749,0.0190649478813298,0.04484586016297225,0.06062066887616752,0.08006713548847981,0.022661145926589077,0.0782077127235283,0.05534531693472091,0.05047360402729019,0.08814475873544093,0.09713990407131667,0.09177689202569245,0.0797079287407294,0.0918632165483551,0.08493963143401821,0.007611680546377015,0.019942147354092225,0.06248102872595822,0.08052030632274473,0.09024272366018687,0.06837263164666901,0.09407850964737192,0.0846936198544436,0.07103859168379315,0.12458197052662527,0.06680191889093176,0.10002468831008518,0.10358183977542648,0.11042417294464461,0.10629325722440242,0.09462365591397849,0.08321604503870514,0.09648485883910647,0.07904388516504363,0.016430702763186523,0.025305450763044728,0.05280623286683018,0.026971930677220146,0.06075307521362171,0.011284046692607004,0.01737833807780941,0.00928500455065421,0.02570525191968135,0.06386482263963356,0.08365399030533206,0.02204626252366222,0.023848384788258483,0.012805302455074665,0.004597395459340621,0.0027522766624706457,0.009317805367096917,0.012736628669767758,0.028693937055141068,0.03500385505011565,0.01538867815816008,0.008941129194293752,0.007472054160494489,0.014167683264943994,0.009472857130245165,0.030785380937710383,0.055957858238314326,0.014794650254467984,0.01935199731806559,0.0
41,0.018903748002950506,0.01864722308408315,0.014926248497111522,0.041492757181438744,0.03291186085240239,0.043877143996808934,0.056342271768605,0.046046188294305394,0.0892737242614145,0.06991921799538803,0.04541154210028382,0.011260515334172352,0.026289517470881863,0.020267760533583114,0.031658584884104696,0.04423121033718174,0.04181614635015139,0.019169667443338277,0.010818538694245296,0.03704270886506721,0.03876348685118242,0.032125183157778334,0.04559123617226936,0.041995046160774596,0.03202825118992784,0.043540647886677226,0.07743248012289551,0.03099849325640366,0.03410892030685348,0.023602024441426984,0.02473817749946016,0.023411398624303963,0.02941848019978594,0.026888936999350507,0.01870748299319728,0.02381867623400105,0.009246378033528659,0.016838653529356915,0.006396224364646888,0.008931355620610534,0.034920791048057676,0.10079501705843688,0.007047124945957631,0.0069133794225294835,0.036689127693862046,0.010553114606003366,0.01765170613926073,0.019489280895507468,0.006048294011727227,0.0017326017903551833,0.002989749430523918,0.001687898371497212,0.00031847293901913684,0.0031076444977769574,0.008979536199287772,0.001723694365834834,0.008767485405881705,0.0027080232390646755,0.003189672493469962,0.00590446954959457,0.008438920927137628,0.008793071483433536,0.00909982998436769,0.003636282812117979,0.0032548230559829566,0.015966712461134958,0.0
42,4.9616136490683746e-05,8.532423208191126e-05,0.0,0.00024551927326295114,0.029901930549559,7.597773852261288e-05,0.001385959626393492,0.004797038049844644,0.00215420769919427,0.0017911270322402866,0.00014063259096371678,6.623832549513148e-05,0.00020798668885191348,0.00024224414980378225,0.0001777145903678692,0.0054667788057190915,0.01585120728697555,0.0010061427663630588,0.0031831621517017677,0.00027224774544835803,0.005305058086591793,0.0004285200851510879,0.001288798195682526,6.433557435584006e-05,0.0005015609806028968,0.0015726519273595518,0.004691619439081605,0.0029583624269596855,0.0004649295209112618,0.0005554869769164301,0.0005938242280285036,0.0019489027186374058,0.001384231180877631,0.0010103196940174641,0.003069043709437798,2.847420948475918e-05,0.00014052246251563313,0.00026031144127063065,3.104963283809169e-05,7.136396709190283e-05,0.0010568908123787372,0.0021064822060158374,0.04479031560743623,0.00040666937779585197,0.0004759399814633902,4.106270274709481e-05,0.00023523772325391472,4.997251511668582e-05,4.6170183295627686e-05,6.2775427186782e-06,9.491268033409264e-05,3.546004982137e-06,0.0,1.025625246791075e-05,1.7038968120090647e-05,1.715118771974959e-05,6.608657341116862e-05,0.0010179094444711192,2.511553144464537e-05,1.1898175414800141e-05,1.3862703781745591e-05,0.0,5.7052225607320945e-06,0.0,2.958930050893597e-05,1.9720105962702708e-05,0.0
43,3.3077424327122495e-06,0.0,8.797395970792644e-05,0.0001473115639577707,0.009375192746561402,0.00015195547704522575,0.0014462187405845134,0.0008372732544965031,0.00013988361683079677,0.0006707661962843178,0.000485821677874658,0.0013247665099026297,0.0005199667221297837,0.00043603946964680803,0.0009139607504633273,0.001261564339781329,0.0009922906648347455,0.0007943232366024147,8.951820774016552e-05,5.1046452271567134e-05,0.001283147989734816,0.002902877996184789,0.00024164966169047363,0.0016727249332518415,0.0003480219049081325,0.0011823587483068164,0.0006850594756181104,0.00018374921906581898,0.00043322978084913035,0.0024564868534748797,0.0017544806737205788,0.0013429413691451032,0.001191580449518373,0.0007072237858122248,0.0008601141606067714,0.00041287603752900807,0.0007447690513328556,0.0017833276349734249,0.0005433685746666046,0.0016801560078376252,0.0025284376916578912,0.0005133181007230273,0.002853437094682231,0.0002440016266775112,0.00435860825129631,0.0022995113538373095,0.00017753790434257713,0.0007995602418669731,0.0028394662726811026,0.000998129292269834,0.004041698304226778,0.0038811024529489466,7.878014807315491e-05,0.0036563540048101823,0.002206546371551739,0.0035931738272875395,0.0014979623306531555,0.0011667546934268018,0.00047719509744826205,0.0014114210585806667,0.0009288011533769546,0.013816422561820767,0.002105227124910143,0.0,0.002041661735116582,0.04320675216428163,0.0
44,0.002798350098074563,0.0003955941669252249,0.005366411542183513,0.0013258040756199362,0.021254548818849073,0.041502839667977284,0.03199758963543236,0.01105738394355703,0.046665174574753804,0.013157894736842106,0.027704620419852208,0.0021196264158442075,0.003577371048252912,0.001760307488574151,0.004341313564700805,0.008257512042205062,0.014897081647711372,0.01016733742851091,0.0020325898933943464,0.014190913731495662,0.006622699301857115,0.010533300157584805,0.011115884437761786,0.01084054427895905,0.0025589845949127387,0.004098078380053723,0.026883394573498576,0.0026092389107346295,0.010302415520192733,0.009566720158005184,0.012915676959619952,0.002956108745496233,0.026393150196218337,0.008327920906401097,0.012256626788646493,0.005139594811999032,0.003330382361620505,0.0025681472041774157,0.00035707077763805445,0.0010177122263540924,0.015018264153272311,0.023393533443926258,0.10817120622568094,0.09494374406940491,0.0390020290072894,0.0022584486510902144,0.000963143131058481,0.0037979111488681224,0.001777552056881666,0.0036849175758641036,0.0010598582637307012,0.008265737613361347,0.0003218252857456541,0.002815341302441501,0.0019254033975702432,0.0021181716833890744,0.004427800418548298,0.0030633312527008206,0.0016827406067912397,0.004968975507605909,0.0010293057557946102,0.003522525624387531,0.002550234484647246,0.0011068880442755217,0.0015682329269736065,0.009380197069592254,0.0
45,6.615484865424499e-06,7.756748371082842e-06,5.864930647195097e-05,0.0003437269825681316,0.000894344044902239,0.000607821908180903,0.0007231093702922567,0.0006260345893712386,0.00047560429722470906,0.0005728705892590391,0.00042189777289115035,0.0010598132079221037,0.00033277870216306157,0.00024224414980378225,0.00045698037523166367,0.00019114611208808014,0.000597918733938885,0.0003177292946409659,5.0024880795974846e-05,0.0001531393568147014,0.0004829051574270813,0.001105858284260872,0.0006175491354312104,0.0018496477627304017,0.0005629766108808025,0.0005395229239846638,0.001006829835378132,0.0004777479695711293,0.0009826919419260761,0.001098629798790273,0.0009582163679550854,0.0014330167048804455,0.00043524794862647163,0.0006206249548964423,0.0009383063570255689,0.0009823602272241918,0.0005761420963140958,0.0005361638641096572,0.00015524816419045846,0.0010968331463907673,0.001725162101592665,0.0003442987260947134,0.00012970168612191958,0.0011657855496814424,0.000926830490218181,0.0,7.545360934559529e-05,0.0023986807256009194,0.0019391476984163627,0.000376652563120692,0.00210389774740572,0.0011258565818284974,5.698989435079291e-05,0.0008717814597724138,0.0014227538380275691,0.0006431695394906097,0.0017402797664941073,0.0003985211504297306,0.0006278882861161342,0.0036690998435389933,0.001001580348231119,0.0016685647694467253,0.002242152466367713,0.0,0.00227837613918807,0.02402566243122613,0.0
46,3.3077424327122495e-06,0.0,5.864930647195097e-05,4.910385465259023e-05,0.0010917165237772158,0.0,0.00048207291352817113,7.681406004555074e-06,0.0,0.00040971124421690765,1.2784780996701526e-05,0.0,0.00018718801996672215,3.229921997383763e-05,0.0,0.0,3.816502557056713e-05,0.0006354585892819318,0.0,1.7015484090522377e-05,0.0005036010927453847,0.0012717370269000028,2.6849962410052626e-05,0.003683211631871843,0.00010235938379650955,0.0,0.00022835315853937015,0.0007901216419830216,0.0002535979204970519,1.2344155042587336e-05,0.0,0.0006059613494923026,0.0021905101676774883,0.00011546510788771018,0.0,0.0,0.001082022961370375,0.0010179342927299287,1.5524816419045845e-05,0.0,0.0005689466964447582,2.5039907352342795e-05,0.0,0.024454385251457232,0.00020039578166879587,0.00878741838787829,0.0,0.0,0.013827969897040491,0.0002887669650591972,5.536573019488737e-05,0.004966179977482868,8.88371882527066e-05,0.005948626431388235,8.519484060045324e-06,0.0014406997684589657,0.0,0.00530081144667979,5.023106288929074e-05,0.01259421867656595,0.005441111234335144,0.001447855143858534,0.025177147160510734,0.01312262452490498,0.000976446916794887,0.050148229463152984,0.0
47,0.0,0.0,0.0,0.0,0.0,0.0,0.0,0.0,0.0,0.0,0.0,0.0,0.0,0.0,0.0,0.0,0.0,0.0,0.0,0.0,0.0007795468969894312,0.0,0.0,0.0,0.0,0.0,0.0,0.0,0.0,0.0,0.0,0.0,0.0,2.8866276971927545e-05,0.0,0.0,0.00018267920127032304,0.00035744257607310477,7.762408209522923e-05,0.0,0.00018322012258390518,0.0,0.0,0.0,0.0,0.001929947029113456,0.0,0.000849532756983659,4.6170183295627686e-05,0.0006528644427425328,7.909390027841053e-06,0.002429013412763845,6.034224107731014e-05,0.0012410065486172007,0.0008945458263047589,0.018283166109253065,0.0003744905826632889,1.4404378931195083e-05,0.0,0.0007674323142546091,0.007385355439724964,0.012068402327162293,0.00013692534145757026,0.0005156586872930142,0.0,0.0009136982429385587,0.0
48,0.0,0.0,0.0,0.0,0.0,0.0,0.0,0.0,0.0,0.0,0.0,0.0,0.0,0.0,0.0,0.0,0.0,0.0,0.0,0.0,0.0,0.0,0.0,0.0,0.0,0.0,0.0,0.0,0.0,0.0,0.0,0.0,0.0,0.0,0.0,0.0,0.0,0.0,0.0,0.0,0.0,3.1299884190428494e-06,0.0,0.0,0.0,0.00012318810824128444,0.0,0.0004997251511668582,0.09391015282330671,0.02522316664364901,7.909390027841053e-06,3.546004982137e-06,0.0,0.0,0.0,0.2829088414372695,0.0,7.68233542997071e-05,5.023106288929074e-05,0.0,0.0,0.0,0.0,0.0,0.0023375547402059416,0.0,0.0
49,1.9846454596273496e-05,2.3270245113248525e-05,0.00020527257265182838,0.0013258040756199362,0.0038302596681675204,0.0012536326856231125,0.0016269960831575775,0.0025002976544826767,0.004196508504923903,0.004365418920682804,0.004602521158812549,0.0010598132079221037,0.00401414309484193,0.008543143683080054,0.004036659981213029,0.002867191681321202,0.004223596163142763,0.016416013556449904,0.0005186790272003707,0.0021779819635868642,0.001703965341206987,0.003289928395676094,0.0007249489850714209,0.003683211631871843,0.002927478376580173,0.00522304107261749,0.0017022690000207592,0.0011392451582080776,0.003899068027642173,0.009554376002962597,0.005681818181818182,0.003660334097608909,0.007912950410274705,0.014144475716244496,0.004496051294080851,0.006221614772419881,0.0015879038264266542,0.0017949833711497216,0.0023752969121140144,0.0014536529818502814,0.006767572738388666,0.002266111615387023,0.0012105490704712495,0.0014640097600650671,0.006170520110551673,0.008992731901613763,0.0024100770514504846,0.005596921693068812,0.006902442402696339,0.13965649286243392,0.00841559098962288,0.013058163346719503,0.000744220973286825,0.01010240868089209,0.002581403670193733,0.017794357259240202,0.0020486837757462276,0.005694531137465789,0.005224030540486237,0.007506261414812039,0.0034206221581457247,0.008413450927421847,0.002835495612683851,0.0035340401413616056,0.005444431293644219,0.008150977131250452,0.0
50,4.9616136490683746e-05,6.981073533974557e-05,2.9324653235975483e-05,4.910385465259023e-05,0.0003330660581015235,0.003001120671643209,0.001687255197348599,0.001501714873890517,0.00027976723366159354,0.0024292613595161784,0.0007670868598020916,0.0017884347883685501,0.0006863560732113145,0.0007105828394244279,0.00027926578486379446,0.0003822922241761603,0.0017555911762460882,0.00015886464732048296,9.47839846660576e-05,3.4030968181044753e-05,0.0018419382433290101,0.0025158275966934837,0.00048329932338094726,0.005227265416412005,0.0011054813450023032,0.0009298161030373992,0.0014635361524568723,0.00036749843813163797,0.0009509922018639446,0.0021849154425379585,0.0038193694666378755,0.001261054700294792,0.004359614698537281,0.0012268167713069206,0.0012901712409101572,0.0014948959979498569,0.0009836572376094319,0.004475802691698007,0.0037725303898281403,0.0006438270944160798,0.006865933014723183,0.0020845722870825377,4.32338953739732e-05,0.018029009082282773,0.007848834782027839,0.0024226994620785937,0.00031956822781663887,0.02498625755834291,0.020037859550302416,0.016127007244284296,0.05441660339154645,0.02479898584257511,0.00048776644870825696,0.011040855781705923,0.00027262348992145035,0.03445673612897693,0.006961119065976429,0.0032409852595188934,0.0034910588708057066,0.012435080580392997,0.004342491959631807,0.0028603967476229578,0.012585720968975,0.0,0.004024144869215292,0.00796034944027766,0.0
51,0.01637994052679106,0.014854173130623642,0.012844198117357262,0.03005155904738522,0.01935483870967742,0.02813075768799742,0.03181681229285929,0.018189569418786414,0.04325201432408236,0.01713535699264695,0.017975402081362345,0.020798834205471285,0.01559900166389351,0.0160527123269973,0.018406154002386453,0.018120651425949996,0.024845431646439205,0.019010802796017794,0.008712227923888462,0.017168623447337078,0.023448494715637848,0.0181360758618783,0.020674471055740523,0.014491588123652973,0.017319207738369417,0.022901026241476687,0.02470365987835004,0.02052478776965198,0.01680086223292969,0.01857795333909394,0.01770675879939538,0.01739272846380609,0.017937923653228684,0.014519737316879555,0.019313472515442957,0.01418015632341007,0.008375138765931734,0.022751997016131537,0.017403319205750393,0.013962515300589683,0.024384669683048473,0.02458292904316254,0.022654561175961957,0.03285888572590484,0.02373020047927991,0.020243912454317742,0.01219685402833505,0.024836340012992852,0.021584560690705943,0.03993772677623071,0.017147557580359404,0.1260977101672828,0.03465991280546164,0.01924585775603452,0.011612056773841776,0.006448846582625846,0.025553475052318537,0.020559850194459113,0.02305605786618445,0.07782001630050032,0.003417156482200288,0.014037132187408959,0.002167984573078196,0.01920384076815363,0.01988400994200497,0.014763785997410094,0.0
52,2.3154197028985746e-05,3.878374185541421e-05,0.00020527257265182838,0.0009820770930518046,0.0019737247887497687,0.0004938553003969837,0.0012051822838204278,0.0023274660193801874,0.00388876454789615,0.0016823541355455323,0.0008565803267790023,0.001391004835397761,0.006405990016638935,0.005830009205277692,0.002259514077534337,0.0012997935621989448,0.001933694628908735,0.002859563651768693,0.0004265279309972592,0.0030287561681129832,0.00106928999144568,0.0013132067125597854,0.004188594135968209,0.003988805610062083,0.003818005015609806,0.0024106343412080723,0.0026883394573498577,0.00020212414097240089,0.0026944779052811767,0.0023824219232193556,0.0015655366011660548,0.0017114313789715033,0.0007491972886193364,0.0024392004041278777,0.0014270075846430526,0.0033741938239439627,0.0008009780363391087,0.00484101575855531,0.00422275006598047,0.0017763422243527985,0.039235142776691316,0.003217628094776049,0.002896670990056204,0.0033889114816320997,0.020866210766263372,0.04771486059212417,0.018685864432056245,0.013042826445455,0.010180525416685906,0.015744077138444928,0.011658440901037712,0.010707162043562672,0.0027422196222910943,0.024097065173356306,0.006611119630595171,0.007683732098447817,0.017380768807137348,0.011936428674316992,0.0064044605183845695,0.005354178936660063,0.0022908117999334587,0.03719398610412197,0.002818379945001655,0.008348336333933453,0.11619718309859156,0.018602633291482887,0.0
53,6.284710622153274e-05,7.756748371082842e-05,0.0011143368229670685,0.024208200343726984,0.06204897304632086,0.055197827036678256,0.015908406146429646,0.016741624386927785,0.021933751119068933,0.026761758350132704,0.02380526221585824,0.05729615155328873,0.00709234608985025,0.004570339626298024,0.0048744573358044125,0.009595534826821623,0.022351983309162153,0.008472781190425757,0.01336454183791412,0.009715841415688277,0.019985374872375065,0.047109562909513146,0.03804639673504457,0.06542927911988934,0.015425559138133989,0.024485157379984846,0.01774926823192377,0.007515343059791996,0.008041167395760688,0.03381064066164671,0.03351058086806306,0.01642646577137242,0.015982875490545844,0.015270260518149672,0.007701931347251545,0.006563305286236991,0.008501608982195803,0.004755540359929133,0.014748575598093554,0.006607372518356829,0.025420345533864866,0.00633822654856177,0.0031560743623000433,0.011739189372373594,0.013768860165493517,0.009156982712602143,0.0037771189148883286,0.02508620258857628,0.055542730504640106,0.01873218747253575,0.018500063275120222,0.02602590356639451,0.003370784633513075,0.07276298313359282,0.036156690350832354,0.00273561444130006,0.01768917281638947,0.01544629567388486,0.03071629495680129,0.005620400611566216,0.00048519463236109566,0.01632368390850262,0.0017914398840698778,0.009255184370207375,0.028583264291632146,0.01930598373748595,0.0
54,0.002186417748022797,0.00015513496742165683,0.0,0.0031426466977657747,0.013359649663849997,0.008110623587288925,0.009942753841518529,0.005008276714969909,0.008868621307072515,0.004354541631013328,0.004206192947914802,0.009604557196794065,0.0014975041597337772,0.003439866927213708,0.0039351087867171035,0.0021408364553864973,0.007276798208788134,0.0025418343571277273,0.000473919923330288,0.004713289093074698,0.005767267308700571,0.009192446987918499,0.013961980453227366,0.0202335381349117,0.00952965863145504,0.007978051748283858,0.004733138195179672,0.007147844621660358,0.005188190790168854,0.010011109739538329,0.007638738933275751,0.01474778905994104,0.01471994291830182,0.011084650357220177,0.0061967315661896945,0.004484687993849571,0.003330382361620505,0.015471047151338077,0.007979755639389564,0.006044217734566378,0.0018592020860093116,0.0012363454255219254,0.0007349762213575443,0.0,0.038985329358816996,0.0003285016219767585,0.0,9.994503023337164e-05,0.0,0.0006026441009931073,0.003559225512528474,0.0015336471547742526,3.017112053865507e-05,0.0,0.036386716420453574,0.0,0.002489260931820685,0.00013924232966821913,0.0,0.006975305336926582,0.005198513918154597,0.0010240926627292071,0.0096703522404409,5.3344002133760084e-05,0.0,0.0,0.0
55,5.292387892339599e-05,0.003529320508842693,0.003079088589777426,0.001964154186103609,0.0037192376488003457,0.000170949911675879,6.025911419102139e-05,0.00963632383271434,0.0043363921217547,0.014303635915360184,0.0761845099593444,0.019407829370073525,0.002225457570715474,0.0077679624037079505,0.025184696234989465,0.001376252007034177,0.008103707096150421,0.004024571065452235,0.000655589227273565,0.001667517440871193,0.0008692292833687463,0.00797600287523154,0.03893244549457631,0.037250297552031394,0.005455755156353959,0.0038570149459329155,0.0024496066097859704,0.00038587336003821984,0.006118049831991377,0.020540673990865326,0.010634852083783201,0.004487389452997052,0.03528362468783446,0.002222703326838421,0.0070959418250058645,0.007431768675522146,0.0018267920127032304,0.015331178317222515,0.003306785897256765,0.0033944426086322476,0.022312353664981043,0.0021972518701680803,0.0018158236057068742,0.007238714924766166,0.010345432228651587,0.014823635691701227,0.00372829599119412,0.05546949177952126,0.05034858488388199,0.026114577709701315,0.014703556061756518,0.023862840527290943,0.0016946112702544598,0.026435490736039957,0.003918962667620849,0.01682531515307435,0.02520101332745897,0.007874393815719978,0.005023106288929074,0.0061082258035730225,0.0026339137185316624,0.02604373581940656,0.007006013304579012,0.00019559467449045364,0.052757722807432836,0.012160732010333335,0.0
56,0.00032085101597308823,0.00020167545764815387,0.0012316354359109703,0.005597839430395286,0.028649848886695865,0.011073755389670826,0.008315757758360952,0.0005376984203188552,0.0050637869292748435,0.0019252802714971502,0.002940499629241351,0.0007948599059415778,0.00041597337770382697,0.0005006379095944832,0.0005585315697275889,0.0024084410123098097,0.0044016996158054095,0.003971616183012074,0.0006108301234034823,0.0005615109749872384,0.0009658103148541626,0.0021840701114152223,0.0009934486091719471,0.0012867114871168012,0.0014227954347714828,0.0020432995844525564,0.00219011438417305,0.0016721178934989527,0.0038251019674971996,0.0013455128996420196,0.0011471604405096092,0.0020881100556829346,0.0020121298608633607,0.002078371941978783,0.002775822972867308,0.0014806588932074773,0.002852605989067352,0.0018182948435023156,0.012606150932265227,0.0024434401776031946,0.0037714415759244903,0.006835894707189583,0.02555123216601816,0.05471058695946862,0.010128336798510391,0.0029975773005379213,0.001211696197138089,0.007545849782619559,0.0073410591440048025,0.01503471481123429,0.006185143001771704,0.0016205242768366091,0.00021119784377058548,0.0020717629985179714,0.004387534290923342,0.0010891004202040991,0.01975988544993942,0.0026600086426273586,0.005324492666264819,0.005169757217730661,0.003649356770544527,0.00874010117329237,0.007525188557605633,0.0019692827454379763,0.00792993253639484,0.0006836303400403605,0.0
57,8.930904568323074e-05,0.00011635122556624263,0.0008210902906073135,0.020181684262214585,0.004262011965706532,0.006629057686097973,0.00952094004218138,0.0024580499214576237,0.010267457475380484,0.0038288059636553498,0.011378455087064358,0.007418692455454726,0.0036813643926788685,0.002438591108024741,0.0052298865165401505,0.001567398119122257,0.007085973080935298,0.0017475111205253124,0.0005687039079963456,0.006636038795303727,0.0030905930075333203,0.010104780072433718,0.008967887444957577,0.017563611799144334,0.005936844260197554,0.008460178616525472,0.00460858192688547,0.007607217669324906,0.0062659819522813244,0.010319713615603012,0.007854675016195207,0.012495905666557484,0.008405280057081698,0.004243342714873349,0.004105090311986864,0.003701647233018693,0.005255540098084679,0.011426506698163055,0.004750593824228029,0.0031508742861664054,0.02504715507365449,0.004917211806316316,0.003934284479031561,0.022746373864714654,0.02152584688092316,0.03202890814273395,0.006808578631537833,0.012842936384988256,0.018514243501546703,0.08781026754887067,0.03749050873196659,0.03364981427798906,0.0017868008052336836,0.01797408245001359,0.004626079844604611,0.0049738444387273815,0.011763410067188016,0.021841839919335478,0.00818766325095439,0.03385774541474065,0.03556130087612288,0.02629093060006533,0.05540341628726937,0.012766997844013247,0.02760681737483726,0.03387256867526901,0.0
58,3.3077424327122495e-06,0.0,8.797395970792644e-05,0.0003437269825681316,0.0006599642262382039,0.0010067050354246206,0.0011449231696294064,0.0012213435547242567,0.0028816025067144135,0.0010043364128148975,0.00150860415761078,0.007948599059415778,0.0006031613976705491,0.000532937129568321,0.0010916753408311964,0.0018350026760455692,0.004770628196320892,0.0009002330014827367,0.0003027821732387951,1.7015484090522377e-05,0.0015108032782361544,0.0022670094827347874,0.0009128987219417892,0.003554540483160163,0.0018731767234761248,0.005303395550657759,0.0007369579207406945,0.001102495314394914,0.002113316004142099,0.0018886557215158624,0.0012956164975167351,0.002047166721257779,0.003974313235818766,0.0032618892978278123,0.0024826022362968176,0.000797277865573257,0.002655874541545466,0.0013792621141951325,0.006955117755732538,0.001110795661691357,0.005403064983355898,0.004094024852108047,0.0009511456982274104,0.00550359224617053,0.02242762789843274,0.004065207571962387,0.0024278308418847422,0.0020988456349008045,0.006533080936331317,0.004231063792389107,0.003575044292584156,0.010419935640009575,0.000313444418929361,0.004374291677563935,0.00010223380872054388,0.0015436068947774632,0.0026214340786430224,0.0029625006001824552,0.0011553144464536871,0.010693485154051626,0.010355439724963956,0.011768237236362354,0.0077077556795490595,0.0,0.0046159308793940115,1.9720105962702708e-05,0.0
59,0.0,0.0,0.0,0.0,0.0,0.0,0.0,0.0,0.0,0.0,0.0,0.0,0.0,0.0,0.0,0.0,0.0,0.0,0.0,0.0,0.0,0.0,0.0,0.0,0.0,0.0,0.0,0.0,0.0,0.0,0.0,0.0,0.0,0.0,0.0,0.0,0.0,0.0,0.0,0.0,0.0,0.0,0.0,0.0,0.0,0.0,0.0,0.0,0.0,0.0,0.0,0.0,0.0,0.0,0.0,0.0,0.0,0.0,0.0,0.0,0.0,0.0,0.0,0.0,0.0,0.0,0.0
60,0.0,0.0,0.0,0.0,0.0,0.0,0.0,0.0,0.0,0.0,0.0,0.0,0.0,0.0,0.0,0.0,0.0,0.0,0.0,0.0,0.0,0.0,0.0,0.0,0.0,0.0,0.0,0.0,0.0,0.0,0.0,0.0,0.0,0.0,0.0,0.0,0.0,0.0,0.0,0.0,0.0,0.0,0.0,0.0,0.0,0.0,0.0,0.0,0.0,0.0,0.0,0.0,0.0,0.0,0.0,0.0,0.0,0.0,0.0,0.0,0.0,0.0,0.0,0.0,0.0,0.0,0.0
61,9.923227298136748e-06,7.756748371082842e-06,0.0,4.910385465259023e-05,0.00025905137852340717,0.002070393374741201,0.001687255197348599,1.1522109006832612e-05,0.0,7.976679090948644e-05,0.0,0.0,2.0798668885191348e-05,0.0,0.0,0.0,0.0005088670076075618,0.0,2.1063107703568355e-05,0.0,6.898645106101161e-05,0.00038705039949130516,0.0,0.0,2.047187675930191e-05,0.0,0.0019721409146581967,0.0011759950020212415,0.0006551279612840508,1.2344155042587336e-05,0.0,0.00022928267278087127,0.00048519443453442736,4.3299415457891315e-05,0.0,0.0,0.0001124179700125065,0.0005089671463649643,1.5524816419045845e-05,3.1027811779088185e-06,0.0007463809204207505,0.00295470906757645,0.0030263726761781237,0.00040666937779585197,0.0021542546529395557,4.106270274709481e-05,0.0,0.0,0.0,0.00037037502040201384,0.0,0.003343882698155191,0.0,0.014189525289354523,0.0014823902264478864,0.004793756967670011,0.0013217314682233727,0.00665962452585586,0.0034910588708057066,0.0007272759722296586,0.0018437396029721636,0.0,0.0032976186401031506,0.0,0.0,0.002649067567656397,0.0
62,0.0,0.0,0.0,0.0,0.0,0.0,0.0,0.0,0.0,0.0,0.0,0.0,0.0,0.0,0.0,0.0,0.0,0.0,0.0,0.0,0.0,0.0,0.0,0.0,0.0,0.0,0.0,0.0,0.0,0.0,0.0,0.0,0.0,0.0,0.0,0.0,0.0,0.0,0.0,0.0,0.0,0.0,0.0,0.0,0.0,0.0,0.0,0.0,0.0,0.0,0.0,0.0,0.0,0.0,0.0,0.0,0.0,0.0,0.0,0.0,0.0,0.0,0.0,0.0,0.0,0.0,0.0
63,0.0,0.0,0.0,0.0,0.0,0.0,0.0,0.0,0.0,0.0,0.0,0.0,0.0,0.0,0.0,0.0,0.0,0.0,0.0,0.0,0.0,0.0,0.0,0.0,0.0,0.0,0.0,0.0,0.0,0.0,0.0,0.0,0.0,0.0,0.0,0.0,0.0,0.0,0.0,0.0,0.0,0.0,0.0,0.0,0.0,0.0,0.0,0.0,0.0,0.0,0.0,0.0,0.0,0.0,0.0,0.0,0.0,0.0,0.0,8.923631561100106e-05,1.7328379727181987e-05,0.0,7.416789328951722e-05,0.0938143184192394,0.0,0.0,0.0
64,0.0,0.0,0.0,0.0,0.0,0.0,0.0,0.0,0.0,0.0,0.0,0.0,0.0,0.0,0.0,0.0,0.0,0.0,0.0,0.0,0.0,0.0,0.0,0.0,0.0,0.0,0.0,0.0,0.0,0.0,0.0,0.0,0.0,0.0,0.0,0.0,0.0,0.0,0.0,0.0,9.643164346521325e-07,0.0,0.0,0.0,0.0,0.000657003243953517,0.0,0.0,0.056027517429244195,0.002536127258345993,0.0,0.0,0.0,0.0,0.0,0.000591715976331361,0.0,0.00010083065251836558,0.0,0.0010455521645755623,0.000287651103471221,0.0,0.0003822499115690503,0.0,0.02387856551071133,0.008992368318992434,0.0
65,0.00034400521300207397,0.0002249457027614024,0.0005571684114835342,0.001718634912840658,0.0032751495713316476,0.003381009364256273,0.003253992166315155,0.0007028486494167893,0.0017625335720680394,0.0007215268814085365,0.0015725280625942877,0.0008610982314367092,0.0011231281198003328,0.001663409828652638,0.0013455533270710096,0.0020261487881336492,0.0015266010228226854,0.0024888794746875664,0.00033437683479414765,0.0007997277522545517,0.0006760672203979138,0.0006773381991097841,0.0011813983460423156,0.0015923054653070414,0.001596806387225549,0.0018022361503317492,0.0011936642378194348,0.000881996251515931,0.00234578076459773,0.004517960745586965,0.0019704167566400345,0.00168686537831641,0.0014983945772386728,0.0016598109258858338,0.0012706231918054578,0.0015518444169193752,4.215673875468994e-05,0.0029022783078979267,0.0,0.00023736276011002461,0.0031697081207015597,0.001389714858055025,0.00025940337224383917,0.0002168903348244544,0.009944640665313996,0.005214963248881041,0.0007412207506302596,0.0025985707860676625,0.004039891038367422,0.025386382754334642,0.010329663376360416,0.004106273769314646,0.00021790253722361996,0.0026973943990605273,0.0006645197566835352,0.0031215161649944256,0.0022469434959797334,0.005401642099198156,0.0009292746634518787,0.0010500139803561125,0.00039162138183431296,0.004714357602563763,0.008694759182555712,0.00924629370318508,0.0005030181086519115,0.0026293474616936943,0.0
66,0.0,0.0,0.0,0.0,0.0,0.0,0.0,0.0,0.0,0.0,0.0,0.0,0.0,0.0,0.0,0.0,0.0,0.0,0.0,0.0,0.0,0.0,0.0,0.0,0.0,0.0,0.0,0.0,0.0,0.0,0.0,0.0,0.0,0.0,0.0,0.0,0.0,0.0,0.0,0.0,0.0,0.0,0.0,0.0,0.0,0.0,0.0,0.0,0.0,0.0,0.0,0.0,0.0,0.0,0.0,0.0,0.0,0.0,0.0,0.0,0.0,0.0,0.0,0.0,0.0,0.0,0.0
